Time (s),A0 (g)
0.0,-0.1
0.000932,0.15
0.001848,-0.1
0.00278,0.11
0.0037,0.18
0.004624,-0.14
0.00556,0.15
0.006476,0.11
0.007396,0.08
0.008308,0.11
0.009228,-0.07
0.01016,0.11
0.011076,0.18
0.011996,-0.14
0.012932,0.15
0.013856,-0.1
0.014796,0.08
0.015716,0.11
0.016644,0.08
0.01756,0.15
0.018472,0.01
0.019388,0.04
0.020296,0.18
0.021204,0.11
0.022124,0.04
0.023044,0.11
0.023968,-0.07
0.024896,0.15
0.025816,0.01
0.026732,0.11
0.027656,0.18
0.028576,-0.03
0.029496,0.18
0.030412,-0.17
0.03134,0.11
0.03226,-0.17
0.033192,0.15
0.034112,-0.1
0.035044,0.15
0.035968,0.08
0.03688,-0.07
0.037804,0.11
0.038724,-0.14
0.039656,0.15
0.040568,0.04
0.041488,0.08
0.042404,0.11
0.043324,-0.17
0.044256,0.15
0.045172,0.08
0.046088,-0.1
0.04702,0.18
0.04794,-0.17
0.048872,0.08
0.04978,0.08
0.050696,-0.03
0.051624,0.18
0.052544,-0.17
0.053472,0.15
0.054396,0.08
0.055308,-0.03
0.056232,0.18
0.057156,-0.17
0.058088,0.11
0.059004,-0.17
0.059944,0.11
0.060864,-0.17
0.061808,0.11
0.062728,-0.14
0.063672,0.22
0.064596,-0.1
0.065532,0.11
0.066452,-0.17
0.06738,0.15
0.068296,0.08
0.069196,-0.17
0.070136,0.11
0.071056,-0.1
0.071996,0.15
0.07292,-0.1
0.073852,0.11
0.074776,-0.1
0.075708,0.15
0.076628,0.01
0.07754,0.04
0.078448,0.15
0.079364,0.08
0.080276,0.08
0.081184,0.18
0.082112,-0.17
0.083048,0.11
0.083968,-0.17
0.084912,0.11
0.085828,-0.17
0.08676,0.11
0.087676,-0.14
0.088616,0.15
0.089536,0.11
0.090452,-0.17
0.091384,0.15
0.092308,0.01
0.09322,0.08
0.094136,0.18
0.095052,-0.07
0.095976,0.11
0.0969,0.01
0.09782,0.08
0.098736,0.22
0.099668,-0.17
0.100608,0.11
0.101532,-0.17
0.102464,0.11
0.103388,-0.14
0.104324,0.15
0.105236,0.08
0.106148,-0.17
0.10708,0.11
0.108004,-0.17
0.108944,0.15
0.109864,0.11
0.110796,-0.14
0.111736,0.11
0.112668,-0.17
0.113608,0.11
0.114524,-0.1
0.115448,0.15
0.116356,0.15
0.117276,0.11
0.118196,0.08
0.119116,0.18
0.12004,-0.14
0.120976,0.18
0.121896,-0.17
0.122828,0.11
0.123748,-0.1
0.12468,0.11
0.125596,0.11
0.126516,0.01
0.127428,0.11
0.128348,-0.1
0.12928,0.11
0.130196,0.11
0.13112,0.08
0.13204,0.15
0.132956,0.11
0.133876,0.04
0.134788,0.15
0.135712,0.04
0.136628,0.04
0.137548,0.15
0.138468,0.08
0.13938,-0.17
0.140312,0.15
0.141228,-0.14
0.14216,0.15
0.143084,-0.1
0.144016,0.18
0.144936,0.15
0.145856,0.01
0.146768,0.11
0.147696,-0.14
0.14864,0.15
0.14956,0.08
0.150468,-0.14
0.151396,0.11
0.152312,-0.07
0.153228,0.08
0.154144,0.11
0.155068,-0.07
0.156,0.11
0.156924,0.08
0.15784,0.11
0.158768,-0.07
0.159704,0.11
0.16062,-0.1
0.16156,0.15
0.162468,0.04
0.163384,-0.03
0.164308,0.11
0.165228,-0.07
0.16616,0.18
0.16708,0.01
0.168004,0.11
0.168932,0.08
0.169848,0.04
0.170764,0.18
0.171684,0.04
0.172596,0.15
0.17352,0.01
0.174428,0.08
0.17534,0.15
0.17626,0.01
0.177172,0.08
0.178088,0.08
0.178996,-0.14
0.179932,0.15
0.180852,0.08
0.181768,0.08
0.182688,0.18
0.183616,0.01
0.184532,0.11
0.185452,-0.03
0.18638,0.15
0.1873,0.11
0.188216,0.04
0.189128,0.15
0.190044,-0.1
0.19098,0.11
0.191908,0.08
0.192828,0.08
0.193744,0.11
0.194676,-0.14
0.195616,0.11
0.196536,-0.14
0.197468,0.18
0.198388,-0.14
0.199316,0.18
0.200232,0.08
0.201148,-0.07
0.20208,0.11
0.203,-0.14
0.203944,0.11
0.204868,-0.17
0.205808,0.15
0.206728,0.11
0.207644,0.11
0.208564,0.11
0.209484,-0.17
0.210416,0.11
0.211332,-0.07
0.21226,0.11
0.21318,0.11
0.214108,0.11
0.215036,0.08
0.215952,0.04
0.216868,0.15
0.217788,-0.03
0.218716,0.11
0.219644,0.11
0.220572,0.11
0.2215,0.18
0.22242,-0.17
0.223352,0.18
0.224268,-0.17
0.2252,0.11
0.226116,0.08
0.227028,0.04
0.22794,0.11
0.228868,-0.1
0.229804,0.08
0.230724,0.01
0.231644,0.18
0.232568,0.04
0.233492,0.08
0.234404,0.18
0.235316,-0.14
0.236244,0.15
0.237164,0.08
0.23808,-0.21
0.239016,0.11
0.23994,0.08
0.24086,0.15
0.241784,0.18
0.242704,-0.17
0.243648,0.11
0.244564,-0.14
0.2455,0.15
0.246412,0.08
0.247324,-0.17
0.248256,0.15
0.249172,-0.14
0.250112,0.15
0.251032,0.11
0.251956,0.08
0.252872,0.18
0.253796,-0.14
0.254732,0.11
0.255652,-0.14
0.256588,0.11
0.257516,-0.1
0.258448,0.15
0.259364,0.01
0.26028,0.11
0.261196,0.22
0.262124,-0.17
0.263064,0.18
0.26398,-0.14
0.264916,0.15
0.265836,0.11
0.266764,-0.14
0.267704,0.11
0.268636,-0.14
0.269576,0.15
0.270508,-0.17
0.271444,0.15
0.272364,0.08
0.273272,-0.17
0.274192,0.11
0.275108,-0.07
0.276032,0.15
0.276952,0.01
0.277864,0.08
0.278784,0.22
0.279704,-0.03
0.28064,0.11
0.28156,-0.14
0.282496,0.18
0.283404,-0.07
0.284324,0.08
0.285228,0.11
0.286152,-0.14
0.287088,0.18
0.288008,-0.14
0.288944,0.15
0.289864,0.11
0.290784,-0.1
0.291716,0.11
0.292636,-0.1
0.293568,0.18
0.29448,0.11
0.295404,-0.14
0.296336,0.15
0.297256,0.01
0.298172,-0.03
0.299104,0.11
0.300024,-0.17
0.300956,0.11
0.301876,0.01
0.302788,0.08
0.3037,0.18
0.304624,-0.17
0.305556,0.11
0.30648,0.22
0.307396,-0.17
0.308328,0.15
0.30924,0.04
0.310164,0.04
0.311076,0.15
0.311992,-0.07
0.31292,0.15
0.313848,0.11
0.314768,-0.17
0.3157,0.18
0.316624,0.11
0.317544,0.08
0.31846,0.11
0.31938,-0.1
0.320304,0.15
0.321212,0.04
0.322124,0.15
0.323048,0.22
0.323972,0.08
0.324888,-0.17
0.32582,0.18
0.326744,-0.14
0.32768,0.15
0.3286,-0.14
0.329528,0.15
0.330436,0.08
0.33134,-0.03
0.332264,0.11
0.333188,-0.17
0.334124,0.15
0.335048,0.08
0.33596,-0.14
0.336896,0.15
0.337816,0.08
0.338724,-0.14
0.339656,0.15
0.340568,0.01
0.341488,0.15
0.342408,0.22
0.343332,-0.14
0.344268,0.18
0.345184,0.22
0.346116,-0.1
0.347052,0.15
0.347972,0.04
0.348884,-0.1
0.349816,0.22
0.35074,-0.17
0.351676,0.11
0.3526,-0.1
0.35354,0.15
0.35446,-0.1
0.355392,0.15
0.356308,0.08
0.357212,0.08
0.35812,0.11
0.359044,-0.17
0.35998,0.15
0.360904,-0.14
0.36184,0.15
0.36276,0.01
0.363676,0.11
0.364604,0.08
0.36552,-0.07
0.366436,0.11
0.367348,0.08
0.368252,-0.17
0.369184,0.15
0.370104,0.11
0.371024,0.11
0.371944,0.11
0.372872,0.08
0.373792,0.18
0.374712,-0.03
0.37564,0.18
0.376556,-0.1
0.377488,0.15
0.3784,0.11
0.379316,-0.17
0.380248,0.18
0.381168,0.11
0.382088,0.08
0.383,0.11
0.38392,-0.17
0.384856,0.15
0.385772,-0.1
0.386704,0.15
0.387624,0.01
0.388536,0.08
0.389452,0.15
0.390372,0.11
0.391292,-0.03
0.392216,0.11
0.393148,-0.07
0.394072,0.26
0.394996,-0.14
0.395932,0.18
0.396852,-0.1
0.397788,0.11
0.398716,0.08
0.399632,0.11
0.400564,0.11
0.401488,0.11
0.402404,0.11
0.403324,0.11
0.404236,0.11
0.405156,-0.1
0.406088,0.11
0.407008,-0.14
0.407944,0.15
0.408864,0.04
0.40978,0.01
0.4107,0.11
0.411624,-0.1
0.412556,0.11
0.413472,-0.14
0.414404,0.15
0.415316,0.11
0.416236,0.11
0.417164,0.04
0.418084,0.04
0.419004,0.15
0.419928,0.01
0.420844,0.11
0.421768,0.11
0.422692,0.04
0.423604,0.11
0.424524,0.01
0.425436,0.04
0.426352,0.15
0.427268,0.01
0.42818,0.08
0.429096,0.18
0.430024,-0.1
0.430952,0.11
0.431868,-0.1
0.4328,0.15
0.433712,0.11
0.43464,-0.1
0.435572,0.11
0.436496,-0.1
0.437432,0.15
0.438348,0.11
0.439268,0.08
0.440172,0.11
0.4411,-0.1
0.442032,0.18
0.442948,0.11
0.443876,0.08
0.444792,0.11
0.445716,-0.14
0.446656,0.18
0.447576,-0.17
0.448512,0.18
0.449428,-0.17
0.450356,0.11
0.45128,-0.17
0.452204,0.15
0.453128,0.08
0.45404,-0.14
0.454976,0.15
0.455896,0.08
0.456808,0.11
0.457736,0.11
0.458668,0.08
0.45958,0.11
0.4605,-0.07
0.46142,0.11
0.46234,0.18
0.46326,-0.17
0.464192,0.15
0.465124,-0.1
0.46606,0.15
0.466984,0.01
0.467896,0.08
0.468812,0.18
0.469732,-0.1
0.470664,0.11
0.471584,0.11
0.472516,0.04
0.473428,0.18
0.474348,-0.14
0.475284,0.15
0.476204,0.01
0.477124,-0.03
0.478048,0.15
0.47896,0.01
0.479876,0.04
0.480796,0.15
0.48172,0.04
0.482636,0.15
0.48356,0.01
0.484484,0.15
0.485404,0.11
0.486324,-0.03
0.487244,0.22
0.488164,-0.07
0.489092,0.15
0.490016,0.08
0.490928,0.04
0.491844,0.18
0.492768,-0.1
0.493708,0.15
0.494632,-0.03
0.49556,0.15
0.496484,-0.07
0.497404,0.08
0.498308,0.18
0.499228,-0.17
0.500168,0.08
0.50108,0.08
0.502,0.18
0.50292,-0.17
0.503864,0.11
0.504788,-0.17
0.505728,0.11
0.506644,-0.17
0.507576,0.08
0.508484,0.22
0.509404,-0.17
0.510336,0.15
0.51126,0.08
0.512172,0.08
0.513092,0.11
0.514016,0.11
0.514948,0.15
0.515868,-0.1
0.5168,0.11
0.517716,-0.1
0.518652,0.11
0.519576,0.04
0.5205,0.11
0.52142,-0.1
0.522352,0.15
0.523268,0.11
0.524188,0.11
0.525108,0.22
0.526028,-0.1
0.52696,0.22
0.527884,-0.03
0.52882,0.22
0.529744,0.01
0.530656,0.11
0.531576,0.11
0.532496,-0.17
0.53342,0.15
0.534328,0.11
0.535244,-0.07
0.536168,0.15
0.537084,0.11
0.538008,-0.03
0.538932,0.22
0.539856,-0.17
0.540788,0.11
0.541712,-0.1
0.542644,0.08
0.543552,0.15
0.54446,0.15
0.545372,-0.17
0.546304,0.11
0.547216,-0.14
0.54816,0.11
0.54908,-0.17
0.550012,0.15
0.550932,0.08
0.551848,-0.17
0.552776,0.15
0.553688,-0.03
0.554608,0.15
0.555528,-0.03
0.556448,0.08
0.557352,0.11
0.558268,-0.07
0.559192,0.08
0.560104,0.22
0.561024,-0.17
0.561956,0.15
0.562872,-0.17
0.5638,0.11
0.56472,0.04
0.565632,0.08
0.566544,0.22
0.56746,-0.17
0.568392,0.15
0.569304,0.08
0.570212,-0.17
0.571144,0.15
0.572056,0.11
0.572972,0.04
0.573888,0.15
0.574816,0.08
0.575728,0.08
0.57664,0.15
0.57756,-0.17
0.578492,0.26
0.579404,0.08
0.580308,-0.17
0.581232,0.11
0.582152,0.11
0.583072,0.04
0.583984,0.08
0.584904,0.15
0.585824,-0.07
0.586752,0.11
0.587672,-0.14
0.5886,0.11
0.589516,-0.17
0.590444,0.15
0.59136,0.08
0.592276,0.04
0.593184,0.18
0.594112,-0.17
0.595044,0.15
0.595964,0.08
0.59688,0.04
0.597788,0.15
0.598704,0.04
0.599612,0.04
0.600528,0.11
0.601448,-0.17
0.602384,0.15
0.603296,0.08
0.604208,-0.17
0.605148,0.11
0.606072,-0.1
0.606996,0.08
0.607904,0.11
0.608828,-0.14
0.609768,0.15
0.610688,0.08
0.6116,-0.03
0.612524,0.11
0.61344,-0.17
0.614376,0.15
0.615288,0.11
0.616196,-0.07
0.61712,0.18
0.618032,-0.17
0.618964,0.11
0.619888,-0.17
0.62082,0.15
0.621744,0.08
0.622656,0.04
0.623568,0.08
0.62448,0.11
0.625396,0.11
0.626308,0.01
0.62722,0.11
0.628144,0.11
0.629064,0.08
0.629976,0.15
0.630896,-0.1
0.631828,0.11
0.632752,-0.1
0.633676,0.11
0.634596,0.11
0.635516,0.11
0.636436,-0.14
0.637368,0.11
0.63828,-0.07
0.639208,0.11
0.640128,0.11
0.641048,-0.03
0.641972,0.11
0.642892,-0.07
0.643816,0.15
0.644728,0.11
0.645648,-0.07
0.646576,0.15
0.647496,0.01
0.648404,0.11
0.649324,0.08
0.650236,0.11
0.65116,0.11
0.652072,-0.17
0.653008,0.15
0.65392,-0.17
0.65486,0.11
0.655784,-0.14
0.65672,0.11
0.65764,0.01
0.658552,0.08
0.659456,0.18
0.660376,-0.17
0.661296,0.15
0.662204,0.11
0.663124,-0.1
0.66406,0.11
0.664984,-0.14
0.66592,0.15
0.66684,0.11
0.66776,-0.17
0.668692,0.15
0.669616,0.18
0.670528,-0.14
0.67146,0.15
0.672372,0.11
0.673288,-0.07
0.674216,0.15
0.675136,-0.1
0.676068,0.11
0.676992,-0.17
0.677924,0.22
0.678848,0.01
0.679764,0.18
0.68068,0.11
0.681604,0.04
0.682524,0.18
0.68344,0.22
0.684356,-0.03
0.68528,0.11
0.686196,0.18
0.68712,-0.03
0.688044,0.11
0.688964,-0.07
0.689888,0.11
0.6908,0.08
0.69172,-0.14
0.692656,0.15
0.693576,0.01
0.694488,0.08
0.695392,0.15
0.696312,0.08
0.697216,-0.07
0.698136,0.15
0.699048,0.11
0.69996,-0.07
0.700892,0.11
0.701816,-0.14
0.702752,0.15
0.703672,-0.17
0.704604,0.15
0.705528,0.01
0.706436,0.11
0.707348,0.18
0.70826,-0.21
0.709188,0.15
0.710112,0.11
0.711032,0.04
0.711948,0.15
0.712872,-0.03
0.7138,0.11
0.71472,0.11
0.71564,-0.17
0.716568,0.18
0.71748,0.01
0.718388,0.08
0.7193,0.18
0.72022,-0.17
0.72116,0.15
0.72208,0.01
0.722992,0.11
0.723912,0.18
0.724824,-0.17
0.72576,0.11
0.726676,-0.07
0.7276,0.11
0.72852,0.15
0.729432,0.08
0.730348,0.08
0.73126,0.08
0.732172,-0.14
0.733112,0.15
0.734024,0.11
0.734936,-0.07
0.735864,0.11
0.736784,-0.14
0.73772,0.15
0.73864,-0.07
0.739564,0.11
0.740488,0.11
0.741404,-0.1
0.742332,0.15
0.743244,0.01
0.744152,0.11
0.745068,0.11
0.745992,-0.17
0.746924,0.18
0.747848,0.11
0.748768,0.11
0.749688,0.15
0.750608,0.11
0.751528,0.08
0.752436,0.15
0.753348,0.08
0.754252,-0.17
0.755184,0.11
0.756104,-0.1
0.757036,0.15
0.75796,0.11
0.75888,0.08
0.759792,0.18
0.760712,-0.17
0.76164,0.18
0.762552,0.08
0.76346,-0.17
0.764392,0.15
0.765304,-0.07
0.766232,0.08
0.767144,0.11
0.768064,0.11
0.768984,0.08
0.769896,0.11
0.77082,0.11
0.77174,-0.07
0.772664,0.15
0.773584,-0.17
0.77452,0.15
0.775432,0.08
0.776348,0.08
0.777256,0.18
0.77818,-0.14
0.779112,0.11
0.780036,0.11
0.780956,-0.07
0.78188,0.11
0.782808,0.08
0.78372,-0.1
0.784652,0.18
0.785576,0.04
0.786488,0.15
0.7874,-0.1
0.78832,0.08
0.78922,0.11
0.79014,0.04
0.791056,0.11
0.791984,-0.14
0.79292,0.15
0.79384,0.01
0.794752,0.11
0.795672,0.22
0.796596,-0.03
0.79752,0.08
0.79842,0.08
0.799324,-0.1
0.800252,0.15
0.801168,0.08
0.80208,0.08
0.802992,0.11
0.803912,0.04
0.804828,0.15
0.805752,0.11
0.806668,-0.03
0.807592,0.15
0.808508,0.11
0.809428,0.11
0.810348,0.22
0.811268,-0.14
0.8122,0.22
0.813132,-0.17
0.814068,0.15
0.814992,0.04
0.8159,0.08
0.816812,0.11
0.817732,0.01
0.818648,0.15
0.819576,0.08
0.820488,0.08
0.821392,0.11
0.822316,0.04
0.823228,0.08
0.82414,0.18
0.82506,-0.17
0.825992,0.11
0.826912,0.04
0.827828,0.11
0.828752,0.08
0.829672,0.04
0.830588,0.11
0.831512,0.01
0.832428,0.11
0.83334,-0.17
0.834268,0.15
0.83518,0.11
0.836104,-0.03
0.83704,0.18
0.83796,-0.17
0.838892,0.11
0.839816,0.01
0.840732,0.08
0.841648,0.15
0.84256,0.04
0.843476,-0.1
0.8444,0.15
0.845312,-0.14
0.846252,0.15
0.847172,0.08
0.848088,0.04
0.849004,0.22
0.849928,-0.17
0.850868,0.15
0.851784,0.04
0.8527,0.15
0.85362,0.11
0.854544,0.08
0.85546,0.11
0.85638,-0.17
0.857312,0.15
0.858224,0.08
0.859144,-0.03
0.860072,0.22
0.860988,-0.17
0.86192,0.11
0.862836,0.08
0.863752,-0.07
0.86468,0.22
0.8656,-0.17
0.86654,0.11
0.86746,-0.17
0.868392,0.11
0.869308,-0.17
0.870232,0.11
0.871156,-0.03
0.87208,0.08
0.872996,0.11
0.87392,-0.17
0.87486,0.08
0.875776,0.11
0.876696,0.08
0.877616,0.22
0.87854,-0.14
0.87948,0.15
0.880388,-0.03
0.881308,0.15
0.88222,0.08
0.883136,0.08
0.884048,0.11
0.884968,-0.17
0.885912,0.15
0.886832,0.08
0.887744,-0.07
0.888664,0.15
0.889576,0.22
0.890492,-0.1
0.891424,0.11
0.89234,-0.14
0.893272,0.15
0.894196,-0.1
0.895132,0.11
0.896056,-0.17
0.897,0.18
0.89792,0.08
0.898824,-0.03
0.899752,0.11
0.900668,-0.17
0.901604,0.11
0.902528,-0.1
0.903464,0.15
0.904388,0.11
0.905308,0.08
0.90622,0.11
0.907144,-0.17
0.90808,0.08
0.908988,0.18
0.909908,-0.03
0.91084,0.11
0.911764,-0.17
0.912704,0.08
0.913616,-0.03
0.91454,0.22
0.91546,-0.14
0.916392,0.18
0.9173,-0.1
0.918224,0.08
0.919128,0.18
0.920056,-0.1
0.920988,0.22
0.921912,-0.1
0.922852,0.11
0.923776,-0.14
0.924712,0.15
0.925632,0.11
0.926548,0.08
0.927452,0.11
0.928364,-0.1
0.929292,0.15
0.930208,0.08
0.931128,0.04
0.93204,0.18
0.932968,-0.14
0.933904,0.11
0.934824,-0.1
0.93576,0.18
0.936676,0.08
0.937588,0.11
0.938516,0.08
0.939424,-0.14
0.940352,0.11
0.941276,-0.17
0.942208,0.18
0.943128,-0.17
0.94406,0.11
0.94498,0.11
0.945896,0.04
0.946812,0.08
0.947728,0.18
0.948648,-0.1
0.94958,0.18
0.950504,-0.14
0.951432,0.15
0.952352,0.01
0.953268,0.08
0.954172,0.11
0.955092,0.08
0.956,-0.14
0.956944,0.15
0.957864,-0.14
0.9588,0.18
0.95972,-0.17
0.960652,0.15
0.961576,0.11
0.962496,0.18
0.963404,0.08
0.964308,-0.17
0.965232,0.11
0.96616,-0.14
0.967096,0.18
0.968016,-0.14
0.968952,0.15
0.969872,-0.1
0.970804,0.15
0.971728,0.04
0.972636,0.08
0.973548,0.11
0.97446,-0.07
0.975392,0.08
0.976308,0.11
0.977228,-0.07
0.97816,0.15
0.97908,0.11
0.98,0.04
0.980912,0.11
0.981836,-0.14
0.982768,0.18
0.983688,0.11
0.984616,-0.03
0.985544,0.18
0.98646,-0.21
0.987396,0.15
0.988316,0.01
0.989228,0.11
0.990152,0.22
0.991068,0.04
0.99198,0.18
0.9929,-0.17
0.993836,0.15
0.99476,0.04
0.995676,0.11
0.9966,0.18
0.99752,-0.14
0.998448,0.15
0.999372,0.01
1.00028,0.08
1.00118,0.15
1.002096,0.11
1.003024,0.11
1.003944,0.18
1.004872,-0.14
1.005808,0.15
1.006728,0.01
1.007644,-0.1
1.00858,0.11
1.0095,0.01
1.010408,0.08
1.011308,0.18
1.012228,-0.17
1.013168,0.11
1.014088,-0.07
1.015024,0.08
1.015936,0.11
1.016856,-0.14
1.017792,0.11
1.018708,-0.14
1.01964,0.08
1.020556,-0.03
1.021484,0.18
1.022404,-0.17
1.023336,0.08
1.024244,0.11
1.025164,-0.03
1.026096,0.15
1.027016,-0.03
1.027936,0.18
1.02886,0.08
1.029772,0.11
1.030696,0.18
1.031616,-0.14
1.032552,0.18
1.033472,-0.14
1.034412,0.15
1.035332,0.08
1.036244,0.04
1.037152,0.15
1.038068,-0.14
1.039004,0.15
1.039924,-0.07
1.040856,0.15
1.041776,0.01
1.042688,0.08
1.0436,0.11
1.04452,-0.21
1.045448,0.15
1.046356,0.08
1.04726,0.04
1.048168,0.11
1.049088,0.08
1.05,0.08
1.050912,0.15
1.051832,0.08
1.052744,-0.03
1.053672,0.18
1.054592,-0.07
1.055512,0.11
1.056428,0.18
1.05734,0.01
1.058252,0.08
1.059164,0.22
1.060092,0.04
1.061012,0.11
1.061936,-0.14
1.062872,0.11
1.063788,-0.1
1.064728,0.22
1.065644,-0.1
1.066576,0.11
1.067496,-0.17
1.068424,0.11
1.06934,-0.07
1.070264,0.15
1.071188,-0.07
1.07212,0.15
1.07304,0.11
1.073952,-0.03
1.07488,0.11
1.075792,-0.07
1.076728,0.15
1.077648,0.11
1.078568,-0.07
1.079496,0.18
1.080412,-0.1
1.08134,0.15
1.082256,0.08
1.083164,-0.17
1.084096,0.11
1.085012,-0.14
1.085952,0.15
1.086872,-0.14
1.087808,0.15
1.088728,0.08
1.08964,-0.17
1.090572,0.15
1.091496,0.08
1.092396,-0.07
1.093316,0.22
1.094232,-0.03
1.09516,0.11
1.09608,0.11
1.097,0.08
1.097912,0.11
1.098832,0.08
1.099744,0.11
1.100664,-0.1
1.1016,0.18
1.102516,0.04
1.103424,0.11
1.10434,-0.17
1.105272,0.15
1.106184,0.11
1.107112,0.08
1.108024,0.11
1.108944,-0.03
1.109864,0.15
1.110784,-0.1
1.111716,0.15
1.112636,0.04
1.113552,0.08
1.114472,0.22
1.115388,-0.17
1.11632,0.15
1.117232,0.08
1.118152,0.01
1.11906,0.15
1.119976,0.01
1.120892,0.04
1.121808,0.11
1.122736,-0.14
1.12368,0.15
1.1246,0.01
1.125512,0.08
1.126428,0.15
1.127348,0.01
1.128264,0.08
1.129164,0.11
1.130084,-0.03
1.131016,0.08
1.131928,0.18
1.132848,-0.17
1.13378,0.11
1.134704,-0.1
1.135644,0.15
1.136568,0.08
1.137472,-0.03
1.138396,0.11
1.139308,-0.17
1.14024,0.15
1.14116,0.08
1.142072,-0.17
1.143008,0.11
1.143928,-0.03
1.144856,0.11
1.145776,0.11
1.146692,0.04
1.147604,0.11
1.148524,-0.1
1.149456,0.22
1.150372,-0.14
1.151304,0.22
1.152228,-0.17
1.153168,0.11
1.154088,-0.17
1.15502,0.18
1.15594,-0.14
1.156872,0.15
1.157784,0.04
1.1587,0.04
1.159616,0.15
1.160544,0.01
1.161452,0.11
1.162372,0.18
1.163292,-0.17
1.164224,0.15
1.16514,-0.07
1.166064,0.15
1.166976,0.18
1.167904,-0.1
1.168836,0.18
1.16976,-0.17
1.170692,0.15
1.171616,0.11
1.172536,-0.14
1.173472,0.15
1.17438,0.11
1.1753,-0.07
1.17622,0.11
1.17714,-0.1
1.178076,0.15
1.179,0.08
1.179912,-0.03
1.18084,0.11
1.18176,-0.1
1.1827,0.15
1.183624,0.11
1.18454,0.04
1.185444,0.15
1.186356,0.22
1.187276,-0.1
1.188208,0.15
1.189128,0.08
1.19004,0.04
1.190952,0.15
1.19188,-0.14
1.192808,0.18
1.193728,0.11
1.194652,-0.17
1.195584,0.15
1.196504,0.22
1.19742,-0.14
1.198352,0.11
1.199276,-0.17
1.200208,0.18
1.201128,0.18
1.202048,-0.14
1.202976,0.15
1.203888,0.08
1.204804,-0.21
1.205744,0.18
1.206664,-0.17
1.207596,0.15
1.20852,0.11
1.209436,-0.03
1.21036,0.11
1.211276,-0.14
1.212204,0.11
1.213124,-0.14
1.214056,0.15
1.214976,-0.1
1.215908,0.15
1.216832,0.01
1.217748,0.08
1.218664,0.08
1.219576,-0.17
1.220508,0.15
1.22142,0.11
1.222332,-0.17
1.22326,0.15
1.22418,-0.07
1.225112,0.11
1.226032,0.11
1.226952,0.08
1.227864,0.15
1.228784,0.11
1.229704,0.15
1.230624,0.18
1.231548,-0.1
1.23248,0.11
1.233392,-0.1
1.234324,0.15
1.23524,0.08
1.236152,-0.17
1.237084,0.15
1.238008,-0.1
1.23894,0.11
1.23986,-0.1
1.240792,0.15
1.241704,0.11
1.242632,0.08
1.243544,0.15
1.24446,0.08
1.245372,0.04
1.246284,0.15
1.2472,-0.14
1.248144,0.15
1.249056,0.11
1.249976,0.08
1.250888,0.18
1.251816,-0.21
1.252752,0.11
1.253672,0.01
1.254588,0.11
1.255512,0.11
1.256436,0.04
1.257348,0.11
1.258268,-0.07
1.259188,0.08
1.260096,0.15
1.261024,0.08
1.261936,-0.1
1.262868,0.18
1.263792,-0.1
1.264724,0.18
1.265648,-0.17
1.26658,0.18
1.267496,-0.1
1.268424,0.15
1.269332,0.11
1.270252,-0.07
1.271176,0.22
1.272104,0.08
1.273024,0.11
1.273944,0.08
1.274856,-0.21
1.275792,0.15
1.276704,0.11
1.27762,0.08
1.278532,0.11
1.279452,-0.07
1.280376,0.18
1.2813,0.04
1.282212,0.11
1.283136,-0.07
1.284064,0.11
1.284984,0.08
1.2859,0.04
1.286812,0.15
1.287728,0.04
1.288652,0.08
1.289568,0.18
1.290488,-0.21
1.291416,0.11
1.29234,-0.1
1.293272,0.11
1.294184,-0.14
1.295116,0.15
1.296036,0.04
1.296948,0.08
1.297864,0.11
1.298784,-0.14
1.29972,0.15
1.30064,0.04
1.301552,0.15
1.30248,0.11
1.303388,-0.17
1.304316,0.18
1.305228,0.11
1.306152,0.08
1.307064,0.08
1.307976,-0.14
1.308912,0.15
1.309832,0.01
1.310744,0.08
1.311664,0.11
1.31258,-0.14
1.313512,0.15
1.31442,-0.07
1.315344,0.15
1.31626,-0.1
1.317188,0.15
1.318112,0.11
1.319032,0.08
1.319944,0.18
1.320864,-0.17
1.321792,0.18
1.322708,0.11
1.323628,0.11
1.324552,0.22
1.325484,-0.17
1.326416,0.15
1.327332,0.11
1.328252,0.04
1.329164,0.15
1.330088,0.08
1.330992,0.01
1.331908,0.15
1.332828,0.01
1.333744,0.08
1.334664,0.11
1.335584,-0.17
1.33652,0.15
1.337436,0.11
1.338356,0.08
1.339268,0.11
1.340184,0.11
1.3411,0.08
1.342012,0.15
1.342936,0.08
1.343848,0.08
1.344768,0.08
1.34568,-0.03
1.346608,0.11
1.347532,0.08
1.348436,0.15
1.349348,0.01
1.350252,-0.07
1.351176,0.11
1.352096,-0.07
1.353024,0.11
1.353944,0.11
1.354864,-0.03
1.355792,0.18
1.356712,-0.14
1.35764,0.18
1.358556,0.08
1.35946,0.01
1.36038,0.15
1.361296,0.11
1.362212,0.04
1.363128,0.18
1.364056,-0.07
1.364984,0.22
1.365908,0.04
1.36682,0.15
1.367736,0.11
1.368652,-0.17
1.369588,0.11
1.370512,-0.1
1.371436,0.18
1.372356,0.11
1.373276,-0.03
1.3742,0.18
1.37512,-0.07
1.37604,0.15
1.376952,0.04
1.377868,-0.17
1.378804,0.15
1.379728,0.11
1.380648,0.04
1.381564,0.18
1.382488,0.08
1.383396,0.11
1.384316,-0.03
1.385236,0.18
1.386152,-0.03
1.38708,0.08
1.388,0.01
1.388916,0.15
1.38984,0.11
1.39076,-0.14
1.391696,0.15
1.392616,0.08
1.393528,0.08
1.394428,0.15
1.39534,-0.03
1.396264,0.15
1.397176,0.11
1.398104,0.15
1.399032,0.08
1.399944,0.08
1.400856,0.22
1.40178,-0.07
1.402704,0.15
1.403616,0.04
1.404532,0.08
1.405444,0.11
1.406364,-0.07
1.407288,0.08
1.408196,0.11
1.409124,-0.07
1.410056,0.11
1.410976,0.11
1.4119,0.01
1.412812,0.15
1.413728,0.11
1.414656,0.08
1.415576,0.15
1.416496,0.01
1.417404,0.08
1.418316,0.22
1.419236,-0.07
1.420164,0.11
1.421084,-0.14
1.422016,0.15
1.42294,0.11
1.423868,0.11
1.424796,0.11
1.42572,-0.17
1.426652,0.11
1.427576,0.11
1.428496,0.11
1.42942,0.22
1.430336,-0.14
1.43126,0.11
1.432172,0.04
1.433092,0.18
1.434016,0.11
1.434936,-0.07
1.435864,0.15
1.436784,0.04
1.4377,0.18
1.438624,0.01
1.439532,0.11
1.440448,0.11
1.441356,-0.14
1.442292,0.15
1.443212,0.11
1.444136,0.18
1.445064,0.08
1.445976,0.08
1.446888,0.22
1.44782,-0.03
1.448748,0.11
1.449668,-0.14
1.450604,0.15
1.451528,0.11
1.452444,0.01
1.453356,0.15
1.454276,-0.17
1.455208,0.11
1.456128,0.01
1.457044,0.04
1.457956,0.11
1.458876,-0.03
1.4598,0.18
1.46072,-0.17
1.461652,0.15
1.462576,0.11
1.4635,0.08
1.464412,0.15
1.465332,0.08
1.466244,-0.03
1.467164,0.11
1.468084,-0.1
1.469016,0.11
1.46994,0.11
1.470868,-0.03
1.4718,0.11
1.47272,-0.17
1.47366,0.11
1.474584,-0.21
1.475528,0.15
1.476436,-0.03
1.477356,0.11
1.478268,0.11
1.479188,-0.14
1.480128,0.11
1.481048,-0.17
1.481988,0.15
1.482912,0.11
1.483832,0.15
1.48476,0.08
1.485668,0.08
1.48658,0.11
1.4875,-0.07
1.488424,0.15
1.489336,0.01
1.490252,0.08
1.491164,0.08
1.49208,-0.1
1.493012,0.18
1.493936,-0.1
1.494872,0.11
1.495788,-0.1
1.49672,0.18
1.49764,0.08
1.498552,-0.1
1.499484,0.18
1.500404,-0.14
1.50134,0.18
1.50226,-0.14
1.503196,0.18
1.50412,0.11
1.505044,0.08
1.505956,0.15
1.506876,0.11
1.507804,-0.03
1.508736,0.11
1.509656,-0.14
1.5106,0.15
1.51152,-0.07
1.512448,0.11
1.513364,0.11
1.514276,0.04
1.515184,-0.03
1.516104,0.15
1.517024,0.04
1.51794,0.04
1.51886,0.18
1.519784,-0.07
1.520712,0.15
1.521632,0.08
1.52254,-0.14
1.523472,0.18
1.524388,-0.07
1.525308,0.15
1.526228,-0.07
1.52716,0.15
1.52808,-0.1
1.529012,0.15
1.529936,0.04
1.530852,0.08
1.531768,0.15
1.53268,0.11
1.533604,0.04
1.534516,0.15
1.535436,0.11
1.536356,0.08
1.537268,0.18
1.538188,-0.14
1.539128,0.11
1.540048,-0.17
1.540992,0.15
1.541908,-0.07
1.542832,0.18
1.543756,-0.14
1.544696,0.18
1.545624,0.01
1.546548,0.08
1.54746,0.11
1.548388,-0.17
1.54932,0.18
1.550244,0.11
1.55116,-0.17
1.552088,0.11
1.553012,-0.14
1.553948,0.11
1.554872,-0.1
1.5558,0.15
1.556724,-0.14
1.55766,0.15
1.55858,-0.07
1.559508,0.18
1.56042,0.11
1.561332,-0.17
1.562256,0.15
1.563168,0.18
1.564088,-0.21
1.56502,0.15
1.565944,0.01
1.566856,0.11
1.567776,0.01
1.568688,-0.07
1.569608,0.18
1.57052,0.22
1.571428,-0.14
1.57236,0.18
1.57328,0.11
1.5742,0.08
1.57512,0.18
1.57604,-0.1
1.576972,0.15
1.577896,0.08
1.5788,0.01
1.579708,0.11
1.580628,-0.17
1.581564,0.11
1.582488,-0.14
1.583416,0.15
1.584328,0.11
1.585248,0.11
1.586172,0.18
1.587096,-0.14
1.588024,0.15
1.588936,0.11
1.58986,0.04
1.590776,0.18
1.591704,-0.07
1.592632,0.11
1.593552,-0.07
1.594476,0.11
1.595396,0.11
1.596316,0.08
1.59722,0.15
1.598136,0.11
1.599052,0.11
1.599976,0.08
1.600888,-0.14
1.60182,0.11
1.602744,-0.1
1.603676,0.11
1.6046,0.22
1.60552,-0.1
1.606448,0.15
1.607356,0.01
1.60826,0.08
1.609168,0.18
1.610096,-0.1
1.611028,0.18
1.611952,-0.14
1.612888,0.18
1.613808,0.18
1.614728,-0.14
1.615656,0.15
1.616568,0.04
1.617484,0.04
1.618396,0.15
1.619312,0.08
1.620224,0.08
1.621144,0.15
1.622064,0.08
1.622976,0.04
1.623884,0.18
1.624804,-0.03
1.625728,0.11
1.626648,-0.14
1.627584,0.15
1.628504,0.01
1.629412,0.15
1.630328,0.11
1.631252,-0.03
1.632176,0.22
1.6331,-0.07
1.634024,0.15
1.634936,0.08
1.635856,0.11
1.636776,0.08
1.637688,0.08
1.6386,0.18
1.63952,-0.17
1.640448,0.08
1.641352,0.11
1.642268,-0.17
1.643192,0.11
1.644116,0.08
1.645032,-0.1
1.645964,0.18
1.646888,-0.14
1.647824,0.15
1.648744,-0.1
1.649676,0.15
1.6506,0.01
1.651508,0.15
1.65242,0.11
1.653332,-0.17
1.654264,0.15
1.65518,-0.1
1.656116,0.18
1.65704,-0.1
1.657972,0.11
1.658896,-0.03
1.659824,0.11
1.66074,0.11
1.66166,-0.17
1.662592,0.11
1.663512,0.11
1.664436,0.15
1.665352,0.11
1.666276,-0.1
1.667208,0.11
1.668128,-0.07
1.669064,0.15
1.669976,0.08
1.670884,0.15
1.6718,0.22
1.672732,-0.14
1.673672,0.15
1.674592,0.11
1.675512,0.04
1.676428,0.15
1.677344,0.08
1.67826,-0.03
1.67918,0.15
1.680096,-0.1
1.681032,0.18
1.681952,0.04
1.682864,0.08
1.683776,0.11
1.684696,-0.17
1.685628,0.15
1.686552,0.11
1.687472,0.11
1.688388,0.11
1.6893,-0.1
1.690224,0.11
1.691144,-0.17
1.692076,0.15
1.693,0.08
1.693912,-0.17
1.694844,0.15
1.695768,-0.03
1.696696,0.15
1.697608,0.11
1.698524,0.11
1.699436,0.18
1.700356,-0.17
1.701288,0.11
1.702204,0.11
1.703128,0.11
1.704056,0.26
1.704984,-0.1
1.705924,0.15
1.70684,0.11
1.707756,0.11
1.708676,0.08
1.709592,0.11
1.710512,0.11
1.711436,0.04
1.712348,0.18
1.713264,-0.07
1.714192,0.11
1.715112,0.18
1.716028,0.04
1.71694,0.01
1.717852,0.15
1.718776,0.08
1.719688,-0.17
1.72062,0.11
1.721544,-0.1
1.722476,0.15
1.723396,0.08
1.724308,-0.07
1.725228,0.11
1.726148,0.01
1.72706,-0.03
1.727992,0.11
1.728912,-0.17
1.729852,0.15
1.730776,0.04
1.731692,0.08
1.732608,0.11
1.733528,-0.1
1.734448,0.15
1.735356,0.01
1.736264,0.11
1.73718,0.08
1.738096,0.08
1.739008,0.11
1.739928,-0.17
1.740868,0.11
1.741792,-0.17
1.742736,0.15
1.743652,0.08
1.744564,0.04
1.745476,0.15
1.746396,0.08
1.747308,-0.17
1.74824,0.15
1.749156,0.11
1.75008,0.08
1.751,0.18
1.751916,-0.17
1.752848,0.18
1.753764,0.08
1.754676,-0.17
1.755616,0.11
1.756536,-0.17
1.75748,0.15
1.758392,0.01
1.7593,0.08
1.760208,0.15
1.761128,0.11
1.762048,0.08
1.76296,0.11
1.763884,0.08
1.7648,0.04
1.765712,0.15
1.76664,0.11
1.76756,0.08
1.768472,0.11
1.769388,-0.17
1.770312,0.18
1.771228,0.11
1.772148,0.11
1.773072,0.08
1.773992,0.04
1.774908,0.11
1.775832,-0.1
1.776772,0.18
1.777696,-0.14
1.778632,0.11
1.779548,-0.1
1.780476,0.11
1.781388,0.18
1.782304,-0.07
1.783228,0.15
1.784152,0.11
1.785076,0.01
1.785996,0.18
1.78692,-0.14
1.787856,0.18
1.788772,0.11
1.789692,0.04
1.790604,0.11
1.791528,-0.14
1.79246,0.18
1.79338,-0.1
1.794312,0.15
1.795228,-0.1
1.796164,0.15
1.797088,0.04
1.797996,0.11
1.798924,0.11
1.799844,-0.03
1.800768,0.15
1.801696,0.08
1.802608,0.18
1.803528,0.04
1.804436,0.18
1.805356,-0.14
1.806292,0.18
1.807204,0.08
1.808116,-0.17
1.809048,0.11
1.809968,-0.1
1.810908,0.15
1.811832,0.08
1.812744,0.08
1.813656,0.18
1.814576,-0.17
1.815512,0.15
1.81642,0.08
1.817324,-0.03
1.818244,0.18
1.819164,-0.1
1.8201,0.11
1.821024,-0.07
1.82196,0.11
1.82288,-0.14
1.823816,0.08
1.824728,0.15
1.82564,0.01
1.826556,0.01
1.827468,0.15
1.828384,0.04
1.829292,0.08
1.830204,0.11
1.831128,-0.21
1.832072,0.15
1.832992,0.11
1.833916,0.11
1.834836,0.15
1.835752,0.01
1.836668,0.04
1.837588,0.11
1.838516,-0.17
1.839448,0.15
1.840368,0.11
1.841292,0.04
1.842204,0.18
1.843128,-0.17
1.844056,0.11
1.844972,0.01
1.845884,0.11
1.846808,0.11
1.847728,-0.1
1.84866,0.15
1.849584,0.08
1.850496,0.01
1.851404,0.15
1.852324,0.11
1.853236,0.01
1.85414,0.22
1.85506,0.01
1.85598,0.11
1.856904,0.11
1.857832,-0.07
1.85876,0.11
1.859684,-0.17
1.86062,0.11
1.861544,-0.17
1.862472,0.15
1.86338,0.22
1.864296,-0.14
1.865224,0.15
1.866152,0.08
1.867064,0.04
1.86798,0.15
1.868904,0.04
1.86982,0.04
1.87074,0.15
1.87166,0.01
1.872572,0.04
1.873484,0.15
1.8744,0.11
1.875316,0.11
1.876236,0.18
1.877152,-0.07
1.878084,0.11
1.879008,0.08
1.879912,-0.07
1.88084,0.15
1.881752,0.11
1.882668,0.08
1.883584,0.11
1.884504,0.08
1.885408,0.04
1.886324,0.15
1.88724,0.11
1.888156,0.04
1.889068,0.15
1.889984,0.11
1.8909,0.11
1.891824,0.11
1.892744,0.08
1.893656,0.11
1.894576,-0.07
1.895504,0.15
1.896416,0.11
1.89734,0.11
1.89826,0.11
1.899172,-0.14
1.900104,0.15
1.901024,-0.14
1.90196,0.18
1.90288,-0.14
1.903816,0.15
1.904736,0.01
1.905648,0.08
1.90656,0.11
1.907476,-0.07
1.908396,0.11
1.909308,0.11
1.910228,-0.14
1.911168,0.11
1.912088,-0.1
1.91302,0.15
1.913944,0.11
1.914864,-0.1
1.915796,0.18
1.916712,-0.14
1.917648,0.11
1.918572,0.04
1.919492,0.11
1.920412,0.11
1.921332,0.04
1.922244,0.11
1.923164,-0.1
1.9241,0.11
1.925024,-0.1
1.925948,0.11
1.926868,0.11
1.927788,-0.03
1.92872,0.22
1.92964,-0.03
1.930576,0.15
1.931496,0.01
1.932404,0.04
1.933316,0.26
1.934236,-0.07
1.935156,0.18
1.936076,0.11
1.936996,-0.17
1.937932,0.15
1.938856,0.18
1.939776,-0.17
1.940708,0.18
1.941632,0.22
1.942552,0.04
1.943476,0.15
1.944388,0.11
1.9453,-0.17
1.946224,0.15
1.947152,-0.07
1.94808,0.15
1.949,0.11
1.94992,0.11
1.950848,0.11
1.951768,0.04
1.952692,0.11
1.953612,-0.14
1.954544,0.15
1.955452,0.11
1.95638,-0.03
1.957304,0.15
1.958228,0.04
1.959148,0.11
1.960072,0.11
1.961,0.11
1.961928,0.11
1.962848,-0.03
1.963768,0.15
1.96468,0.01
1.965592,0.04
1.966504,0.15
1.967424,0.04
1.96834,0.11
1.969268,0.22
1.970188,-0.1
1.971124,0.11
1.972044,-0.07
1.972968,0.18
1.97388,0.11
1.974808,0.08
1.97572,0.11
1.97664,-0.1
1.977572,0.15
1.978496,-0.03
1.979416,0.11
1.98034,0.11
1.98126,-0.03
1.98218,0.15
1.9831,0.04
1.98402,0.11
1.984944,0.11
1.985872,0.01
1.986788,0.11
1.987712,-0.17
1.988652,0.18
1.989576,-0.14
1.990504,0.11
1.99142,-0.14
1.992348,0.15
1.99326,0.11
1.99418,0.08
1.995096,0.18
1.996016,-0.03
1.996944,0.08
1.997856,-0.07
1.998792,0.15
1.999708,0.11
2.000628,-0.07
